Date,GUESTS
2019-01-01,89.0
2019-01-02,111.0
2019-01-03,114.0
2019-01-04,93.0
2019-01-05,143.0
2019-01-06,46.0
2019-01-07,104.0
2019-01-08,167.0
2019-01-09,86.0
2019-01-10,95.0
2019-01-11,98.0
2019-01-12,148.0
2019-01-13,105.0
2019-01-14,56.0
2019-01-15,158.0
2019-01-16,103.0
2019-01-17,177.0
2019-01-18,143.0
2019-01-19,174.0
2019-01-20,90.0
2019-01-21,53.0
2019-01-22,87.0
2019-01-23,92.0
2019-01-24,106.0
2019-01-25,76.0
2019-01-26,175.0
2019-01-27,86.0
2019-01-28,72.0
2019-01-29,90.0
2019-01-30,85.0
2019-01-31,125.0
2019-02-01,128.0
2019-02-02,170.0
2019-02-03,79.0
2019-02-04,77.0
2019-02-05,86.0
2019-02-06,136.0
2019-02-07,105.0
2019-02-08,97.0
2019-02-09,139.0
2019-02-10,104.0
2019-02-11,114.0
2019-02-12,99.0
2019-02-13,104.0
2019-02-14,189.0
2019-02-15,116.0
2019-02-16,197.0
2019-02-17,90.0
2019-02-18,70.0
2019-02-19,80.0
2019-02-20,89.0
2019-02-21,74.0
2019-02-22,69.0
2019-02-23,179.0
2019-02-24,58.0
2019-02-25,93.0
2019-02-26,89.0
2019-02-27,100.0
2019-02-28,124.0
2019-03-01,116.0
2019-03-02,224.0
2019-03-03,60.0
2019-03-04,92.0
2019-03-05,66.0
2019-03-06,64.0
2019-03-07,80.0
2019-03-08,141.0
2019-03-09,168.0
2019-03-10,68.0
2019-03-11,118.0
2019-03-12,85.0
2019-03-13,81.0
2019-03-14,91.0
2019-03-15,97.0
2019-03-16,90.0
2019-03-17,107.0
2019-03-18,75.0
2019-03-19,92.0
2019-03-20,114.0
2019-03-21,126.0
2019-03-22,103.0
2019-03-23,117.0
2019-03-24,78.0
2019-03-25,77.0
2019-03-27,89.0
2019-03-28,165.0
2019-03-29,138.0
2019-03-30,195.0
2019-03-31,104.0
2019-07-24,2.0
2019-07-30,78.0
2019-07-31,117.0
2019-08-01,102.0
2019-08-02,107.0
2019-08-03,99.0
2019-08-04,76.0
2019-08-05,88.0
2019-08-06,122.0
2019-08-07,121.0
2019-08-08,102.0
2019-08-09,89.0
2019-08-10,133.0
2019-08-11,93.0
2019-08-12,94.0
2019-08-13,90.0
2019-08-14,122.0
2019-08-15,184.0
2019-08-16,123.0
2019-08-17,171.0
2019-08-18,91.0
2019-08-19,88.0
2019-08-20,53.0
2019-08-21,189.0
2019-08-22,127.0
2019-08-23,75.0
2019-08-24,101.0
2019-08-25,66.0
2019-08-26,85.0
2019-08-27,85.0
2019-08-28,387.0
2019-08-29,108.0
2019-08-30,110.0
2019-08-31,136.0
2019-09-01,74.0
2019-09-02,97.0
2019-09-03,91.0
2019-09-04,116.0
2019-09-05,112.0
2019-09-06,103.0
2019-09-07,143.0
2019-09-08,95.0
2019-09-09,104.0
2019-09-10,73.0
2019-09-11,126.0
2019-09-12,122.0
2019-09-13,115.0
2019-09-14,167.0
2019-09-15,62.0
2019-09-16,83.0
2019-09-17,101.0
2019-09-18,125.0
2019-09-19,149.0
2019-09-20,171.0
2019-09-21,76.0
2019-09-22,120.0
2019-09-23,85.0
2019-09-24,87.0
2019-09-25,124.0
2019-09-26,122.0
2019-09-27,93.0
2019-09-28,173.0
2019-09-29,119.0
2019-09-30,56.0
2019-10-01,129.0
2019-10-02,102.0
2019-10-03,116.0
2019-10-04,116.0
2019-10-05,249.0
2019-10-06,121.0
2019-10-07,101.0
2019-10-08,68.0
2019-10-09,84.0
2019-10-10,94.0
2019-10-11,140.0
2019-10-12,193.0
2019-10-13,100.0
2019-10-14,93.0
2019-10-15,95.0
2019-10-16,132.0
2019-10-17,169.0
2019-10-18,130.0
2019-10-19,173.0
2019-10-20,95.0
2019-10-21,109.0
2019-10-22,86.0
2019-10-23,124.0
2019-10-24,103.0
2019-10-25,105.0
2019-10-26,191.0
2019-10-27,96.0
2019-10-28,82.0
2019-10-29,113.0
2019-10-30,102.0
2019-10-31,139.0
2019-11-01,136.0
2019-11-02,134.0
2019-11-03,113.0
2019-11-04,76.0
2019-11-05,90.0
2019-11-06,183.0
2019-11-07,102.0
2019-11-08,126.0
2019-11-09,249.0
2019-11-10,121.0
2019-11-11,90.0
2019-11-12,68.0
2019-11-13,89.0
2019-11-14,137.0
2019-11-15,117.0
2019-11-16,171.0
2019-11-17,78.0
2019-11-18,106.0
2019-11-19,102.0
2019-11-20,125.0
2019-11-21,105.0
2019-11-22,161.0
2019-11-23,191.0
2019-11-24,98.0
2019-11-25,85.0
2019-11-26,108.0
2019-11-27,132.0
2019-11-28,133.0
2019-11-30,225.0
2019-12-01,90.0
2019-12-02,56.0
2019-12-03,89.0
2019-12-04,135.0
2019-12-05,96.0
2019-12-06,125.0
2019-12-07,318.0
2019-12-08,84.0
2019-12-09,87.0
2019-12-10,112.0
2019-12-11,138.0
2019-12-12,96.0
2019-12-13,123.0
2019-12-14,139.0
2019-12-15,109.0
2019-12-16,115.0
2019-12-17,95.0
2019-12-18,129.0
2019-12-19,170.0
2019-12-20,221.0
2019-12-21,229.0
2019-12-22,148.0
2019-12-23,131.0
2019-12-24,123.0
2019-12-25,173.0
2019-12-26,177.0
2019-12-27,117.0
2019-12-28,209.0
2019-12-29,138.0
2019-12-30,112.0
2019-12-31,107.0
2020-01-01,104.0
2020-01-02,73.0
2020-01-03,180.0
2020-01-04,137.0
2020-01-05,52.0
2020-01-06,54.0
2020-01-07,90.0
2020-01-08,77.0
2020-01-09,110.0
2020-01-10,128.0
2020-01-11,159.0
2020-01-12,41.0
2020-01-13,57.0
2020-01-14,53.0
2020-01-15,130.0
2020-01-16,137.0
2020-01-17,165.0
2020-01-18,179.0
2020-01-19,76.0
2020-01-20,50.0
2020-01-21,83.0
2020-01-22,108.0
2020-01-23,166.0
2020-01-24,114.0
2020-01-25,226.0
2020-01-26,83.0
2020-01-27,59.0
2020-01-28,65.0
2020-01-29,116.0
2020-01-30,121.0
2020-01-31,125.0
2020-02-01,152.0
2020-02-02,194.0
2020-02-03,72.0
2020-02-04,71.0
2020-02-05,116.0
2020-02-06,116.0
2020-02-07,135.0
2020-02-08,176.0
2020-02-09,42.0
2020-02-10,57.0
2020-02-11,71.0
2020-02-12,131.0
2020-02-13,115.0
2020-02-14,188.0
2020-02-15,220.0
2020-02-16,101.0
2020-02-17,92.0
2020-02-18,110.0
2020-02-19,110.0
2020-02-20,128.0
2020-02-21,147.0
2020-02-22,184.0
2020-02-23,118.0
2020-02-24,64.0
2020-02-25,91.0
2020-02-26,118.0
2020-02-27,111.0
2020-02-28,138.0
2020-02-29,225.0
2020-06-01,62.0
2020-06-02,29.0
2020-06-03,25.0
2020-06-04,33.0
2020-06-05,63.0
2020-06-06,68.0
2020-06-07,29.0
2020-06-08,33.0
2020-06-09,10.0
2020-06-10,57.0
2020-06-11,38.0
2020-06-12,63.0
2020-06-13,71.0
2020-06-14,103.0
2020-06-15,36.0
2020-06-16,33.0
2020-06-17,36.0
2020-06-18,52.0
2020-06-19,49.0
2020-06-20,77.0
2020-06-21,47.0
2020-06-22,34.0
2020-06-23,39.0
2020-06-24,38.0
2020-06-25,62.0
2020-06-26,51.0
2020-06-27,68.0
2020-06-28,33.0
2020-06-29,49.0
2020-06-30,54.0
2020-07-01,44.0
2020-07-02,50.0
2020-07-03,74.0
2020-07-04,84.0
2020-07-05,71.0
2020-07-06,54.0
2020-07-07,75.0
2020-07-08,65.0
2020-07-09,63.0
2020-07-10,90.0
2020-07-11,102.0
2020-07-12,84.0
2020-07-13,41.0
2020-07-14,58.0
2020-07-15,89.0
2020-07-16,75.0
2020-07-17,69.0
2020-07-18,71.0
2020-07-19,114.0
2020-07-20,71.0
2020-07-21,71.0
2020-07-22,97.0
2020-07-23,71.0
2020-07-24,89.0
2020-07-25,119.0
2020-07-26,53.0
2020-07-27,63.0
2020-07-28,102.0
2020-07-29,79.0
2020-07-30,62.0
2020-07-31,77.0
2020-08-01,78.0
2020-08-02,40.0
2020-08-03,51.0
2020-08-04,93.0
2020-08-05,62.0
2020-08-06,61.0
2020-08-07,65.0
2020-08-08,72.0
2020-08-09,54.0
2020-08-10,56.0
2020-08-11,52.0
2020-08-12,41.0
2020-08-13,41.0
2020-08-14,92.0
2020-08-15,84.0
2020-08-16,55.0
2020-08-17,77.0
2020-08-18,54.0
2020-08-19,53.0
2020-08-20,134.0
2020-08-21,119.0
2020-08-22,137.0
2020-08-23,60.0
2020-08-24,55.0
2020-08-25,49.0
2020-08-26,70.0
2020-08-27,85.0
2020-08-28,133.0
2020-08-29,129.0
2020-08-30,76.0
2020-08-31,78.0
2020-09-01,106.0
2020-09-02,110.0
2020-09-03,154.0
2020-09-04,106.0
2020-09-05,26.0
2020-09-06,64.0
2020-09-07,49.0
2020-09-08,56.0
2020-09-09,81.0
2020-09-10,76.0
2020-09-11,106.0
2020-09-12,125.0
2020-09-13,59.0
2020-09-14,69.0
2020-09-15,106.0
2020-09-16,67.0
2020-09-17,100.0
2020-09-18,118.0
2020-09-19,110.0
2020-09-20,30.0
2020-09-21,31.0
2020-09-22,77.0
2020-09-23,52.0
2020-09-24,64.0
2020-09-25,86.0
2020-09-26,180.0
2020-09-27,68.0
2020-09-28,40.0
2020-09-29,49.0
2020-09-30,57.0
2020-10-01,53.0
2020-10-02,54.0
2020-10-03,77.0
2020-10-04,57.0
2020-10-05,37.0
2020-10-06,72.0
2020-10-07,45.0
2020-10-08,32.0
2020-10-09,80.0
2020-10-10,88.0
2020-10-11,60.0
2020-10-12,38.0
2020-10-13,52.0
2020-10-14,69.0
2020-10-15,17.0
2020-10-16,12.0
2020-10-17,27.0
2020-10-18,9.0
2020-10-19,15.0
2020-10-20,43.0
2020-10-21,15.0
2020-10-22,19.0
2020-10-23,20.0
2020-10-24,42.0
2020-10-25,12.0
2020-10-26,25.0
2020-10-27,15.0
2020-10-28,9.0
2020-10-29,5.0
2020-10-30,9.0
2020-10-31,26.0
2020-11-01,13.0
2020-11-02,32.0
2020-11-03,25.0
2020-11-04,22.0
2020-11-05,6.0
2020-11-08,4.0
2020-11-09,21.0
2020-11-10,16.0
2020-11-11,19.0
2020-11-12,17.0
2020-11-14,11.0
2020-11-15,5.0
2020-11-16,17.0
2020-11-17,13.0
2020-11-18,10.0
2020-11-19,15.0
2020-11-20,25.0
2020-11-21,17.0
2020-11-22,15.0
2020-11-23,15.0
2020-11-24,15.0
2020-11-25,15.0
2020-11-26,16.0
2020-11-27,28.0
2020-11-28,26.0
2020-11-29,21.0
2020-11-30,22.0
2021-07-01,43.0
2021-07-02,90.0
2021-07-03,60.0
2021-07-04,71.0
2021-07-05,63.0
2021-07-06,88.0
2021-07-07,47.0
2021-07-08,80.0
2021-07-09,73.0
2021-07-10,118.0
2021-07-11,31.0
2021-07-12,76.0
2021-07-13,32.0
2021-07-14,50.0
2021-07-15,67.0
2021-07-16,63.0
2021-07-17,86.0
2021-07-18,67.0
2021-07-19,54.0
2021-07-20,63.0
2021-07-21,53.0
2021-07-22,61.0
2021-07-23,87.0
2021-07-24,60.0
2021-07-25,47.0
2021-07-26,58.0
2021-07-27,59.0
2021-07-28,90.0
2021-07-29,68.0
2021-07-30,86.0
2021-07-31,107.0
2021-08-01,55.0
2021-08-02,78.0
2021-08-03,101.0
2021-08-04,62.0
2021-08-05,111.0
2021-08-06,100.0
2021-08-07,153.0
2021-08-08,64.0
2021-08-09,74.0
2021-08-10,102.0
2021-08-11,91.0
2021-08-12,95.0
2021-08-13,138.0
2021-08-14,103.0
2021-08-15,64.0
2021-08-16,107.0
2021-08-18,237.0
2021-08-19,141.0
2021-08-20,281.0
2021-08-21,109.0
2021-08-22,110.0
2021-08-23,120.0
2021-08-24,85.0
2021-08-25,64.0
2021-08-26,109.0
2021-08-27,133.0
2021-08-28,136.0
2021-08-29,72.0
2021-08-30,67.0
2021-08-31,92.0
2021-09-01,99.0
2021-09-02,103.0
2021-09-04,127.0
2021-09-05,76.0
2021-09-06,80.0
2021-09-07,57.0
2021-09-08,68.0
2021-09-09,48.0
2021-09-10,136.0
2021-09-11,172.0
2021-09-12,92.0
2021-09-13,125.0
2021-09-14,134.0
2021-09-15,118.0
2021-09-16,92.0
2021-09-17,72.0
2021-09-18,149.0
2021-09-19,71.0
2021-09-20,128.0
2021-09-21,91.0
2021-09-22,80.0
2021-09-23,94.0
2021-09-24,148.0
2021-09-25,162.0
2021-09-26,89.0
2021-09-27,61.0
2021-09-28,72.0
2021-09-29,73.0
2021-09-30,63.0
2021-10-01,101.0
2021-10-02,174.0
2021-10-03,128.0
2021-10-05,92.0
2021-10-06,71.0
2021-10-07,117.0
2021-10-08,101.0
2021-10-09,129.0
2021-10-10,73.0
2021-10-11,62.0
2021-10-12,68.0
2021-10-13,88.0
2021-10-14,113.0
2021-10-15,153.0
2021-10-16,135.0
2021-10-17,83.0
2021-10-18,92.0
2021-10-19,105.0
2021-10-20,121.0
2021-10-21,109.0
2021-10-22,141.0
2021-10-23,136.0
2021-10-24,80.0
2021-10-25,123.0
2021-10-26,99.0
2021-10-27,126.0
2021-10-28,121.0
2021-10-29,114.0
2021-10-30,157.0
2021-10-31,96.0
2022-02-01,38.0
2022-02-02,56.0
2022-02-03,80.0
2022-02-04,92.0
2022-02-05,111.0
2022-02-06,47.0
2022-02-07,57.0
2022-02-08,45.0
2022-02-09,62.0
2022-02-10,70.0
2022-02-11,58.0
2022-02-12,207.0
2022-02-13,41.0
2022-02-14,106.0
2022-02-15,46.0
2022-02-16,56.0
2022-02-17,53.0
2022-02-18,30.0
2022-02-19,124.0
2022-02-20,49.0
2022-02-21,52.0
2022-02-22,52.0
2022-02-23,66.0
2022-02-24,115.0
2022-02-25,157.0
2022-02-26,131.0
2022-02-27,103.0
2022-02-28,58.0
2022-03-01,77.0
2022-03-02,65.0
2022-03-03,76.0
2022-03-04,91.0
2022-03-05,106.0
2022-03-06,51.0
2022-03-07,62.0
2022-03-08,41.0
2022-03-09,70.0
2022-03-10,52.0
2022-03-11,82.0
2022-03-12,107.0
2022-03-13,67.0
2022-03-14,43.0
2022-03-15,40.0
2022-03-16,50.0
2022-03-17,92.0
2022-03-18,70.0
2022-03-19,236.0
2022-03-20,32.0
2022-03-21,68.0
2022-03-22,80.0
2022-03-23,66.0
2022-03-24,74.0
2022-03-25,85.0
2022-03-26,167.0
2022-03-27,75.0
2022-03-28,99.0
2022-03-29,174.0
2022-03-30,132.0
2022-03-31,112.0
2022-04-01,131.0
2022-04-02,245.0
2022-04-03,75.0
2022-04-04,102.0
2022-04-05,43.0
2022-04-06,54.0
2022-04-07,44.0
2022-04-08,129.0
2022-04-09,245.0
2022-04-10,78.0
2022-04-11,63.0
2022-04-12,62.0
2022-04-13,90.0
2022-04-14,94.0
2022-04-15,147.0
2022-04-16,126.0
2022-04-17,111.0
2022-04-18,75.0
2022-04-19,181.0
2022-04-20,116.0
2022-04-21,180.0
2022-04-22,131.0
2022-04-23,128.0
2022-04-24,78.0
2022-04-25,87.0
2022-04-26,113.0
2022-04-27,140.0
2022-04-28,143.0
2022-04-29,133.0
2022-04-30,228.0
2022-05-01,121.0
2022-05-02,81.0
2022-05-03,107.0
2022-05-04,90.0
2022-05-05,164.0
2022-05-06,133.0
2022-05-07,112.0
2022-05-08,92.0
2022-05-09,80.0
2022-05-10,102.0
2022-05-11,143.0
2022-05-12,142.0
2022-05-13,216.0
2022-05-14,217.0
2022-05-15,64.0
2022-05-16,79.0
2022-05-17,101.0
2022-05-18,70.0
2022-05-19,101.0
2022-05-20,109.0
2022-05-21,171.0
2022-05-22,86.0
2022-05-23,109.0
2022-05-24,105.0
2022-05-25,114.0
2022-05-26,141.0
2022-05-27,104.0
2022-05-28,175.0
2022-05-29,117.0
2022-05-30,98.0
2022-05-31,74.0
2022-06-01,69.0
2022-06-02,78.0
2022-06-03,320.0
2022-06-04,125.0
2022-06-05,156.0
2022-06-06,136.0
2022-06-07,81.0
2022-06-08,120.0
2022-06-09,124.0
2022-06-10,121.0
2022-06-11,146.0
2022-06-12,53.0
2022-06-13,89.0
2022-06-14,111.0
2022-06-15,85.0
2022-06-16,135.0
2022-06-17,237.0
2022-06-18,110.0
2022-06-19,100.0
2022-06-20,81.0
2022-06-21,57.0
2022-06-22,80.0
2022-06-23,69.0
2022-06-24,84.0
2022-06-25,115.0
2022-06-26,53.0
2022-06-27,57.0
2022-06-28,89.0
2022-06-29,65.0
2022-06-30,48.0
2022-07-01,90.0
2022-07-02,94.0
2022-07-03,75.0
2022-07-04,102.0
2022-07-05,83.0
2022-07-06,155.0
2022-07-07,68.0
2022-07-08,106.0
2022-07-09,92.0
2022-07-10,63.0
2022-07-11,95.0
2022-07-12,48.0
2022-07-13,177.0
2022-07-14,245.0
2022-07-15,239.0
2022-07-16,215.0
2022-07-17,70.0
2022-07-18,53.0
2022-07-19,63.0
2022-07-20,88.0
2022-07-21,84.0
2022-07-22,61.0
2022-07-23,82.0
2022-07-24,38.0
2022-07-25,64.0
2022-07-26,83.0
2022-07-27,89.0
2022-07-28,119.0
2022-07-29,91.0
2022-07-30,85.0
2022-07-31,70.0
2022-08-01,105.0
2022-08-02,74.0
2022-08-03,56.0
2022-08-04,116.0
2022-08-05,109.0
2022-08-06,70.0
2022-08-07,88.0
2022-08-08,67.0
2022-08-09,62.0
2022-08-10,86.0
2022-08-11,85.0
2022-08-12,64.0
2022-08-13,83.0
2022-08-14,50.0
2022-08-15,64.0
2022-08-16,55.0
2022-08-18,107.0
2022-08-19,191.0
2022-08-20,87.0
2022-08-21,54.0
2022-08-22,70.0
2022-08-23,65.0
2022-08-24,76.0
2022-08-25,52.0
2022-08-26,98.0
2022-08-28,107.0
2022-08-29,100.0
2022-08-30,102.0
2022-08-31,59.0
2022-09-01,105.0
2022-09-02,121.0
2022-09-03,101.0
2022-09-04,71.0
2022-09-05,77.0
2022-09-06,50.0
2022-09-07,100.0
2022-09-08,109.0
2022-09-09,197.0
2022-09-10,168.0
2022-09-11,138.0
2022-09-12,109.0
2022-09-13,147.0
2022-09-14,176.0
2022-09-15,89.0
2022-09-16,93.0
2022-09-17,85.0
2022-09-18,87.0
2022-09-19,42.0
2022-09-20,66.0
2022-09-21,69.0
2022-09-22,92.0
2022-09-23,122.0
2022-09-24,128.0
2022-09-25,91.0
2022-09-26,75.0
2022-09-27,98.0
2022-09-28,94.0
2022-09-29,137.0
2022-09-30,95.0
2022-10-01,283.0
2022-10-02,69.0
2022-10-03,83.0
2022-10-04,120.0
2022-10-05,75.0
2022-10-06,94.0
2022-10-07,92.0
2022-10-08,121.0
2022-10-09,73.0
2022-10-10,79.0
2022-10-11,63.0
2022-10-12,110.0
2022-10-13,104.0
2022-10-14,149.0
2022-10-15,58.0
2022-10-17,76.0
2022-10-18,76.0
2022-10-19,89.0
2022-10-20,129.0
2022-10-21,120.0
2022-10-22,206.0
2022-10-23,83.0
2022-10-24,51.0
2022-10-25,68.0
2022-10-26,81.0
2022-10-27,91.0
2022-10-28,172.0
2022-10-29,279.0
2022-10-30,64.0
2022-10-31,45.0
2022-11-01,113.0
2022-11-02,104.0
2022-11-03,129.0
2022-11-04,153.0
2022-11-05,140.0
2022-11-06,72.0
2022-11-07,71.0
2022-11-08,78.0
2022-11-09,146.0
2022-11-10,140.0
2022-11-11,107.0
2022-11-12,148.0
2022-11-13,112.0
2022-11-14,80.0
2022-11-15,59.0
2022-11-16,71.0
2022-11-17,135.0
2022-11-19,165.0
2022-11-20,61.0
2022-11-21,45.0
2022-11-22,74.0
2022-11-23,97.0
2022-11-24,124.0
2022-11-25,125.0
2022-11-26,158.0
2022-11-27,53.0
2022-11-28,69.0
2022-11-29,62.0
2022-11-30,84.0
2022-12-01,117.0
2022-12-02,151.0
2022-12-03,138.0
2022-12-04,44.0
2022-12-05,63.0
2022-12-06,43.0
2022-12-07,76.0
2022-12-08,89.0
2022-12-09,77.0
2022-12-10,137.0
2022-12-11,84.0
2022-12-12,77.0
2022-12-13,109.0
2022-12-14,102.0
2022-12-15,142.0
2022-12-16,129.0
2022-12-17,234.0
2022-12-18,66.0
2022-12-19,76.0
2022-12-20,108.0
2022-12-21,117.0
2022-12-22,176.0
2022-12-23,160.0
2022-12-24,92.0
2022-12-27,105.0
2022-12-28,185.0
2022-12-29,152.0
2022-12-30,114.0
2023-01-01,58.0
2023-01-02,63.0
2023-01-03,68.0
2023-01-04,70.0
2023-01-05,110.0
2023-01-06,145.0
2023-01-07,174.0
2023-01-08,65.0
2023-01-09,38.0
2023-01-10,41.0
2023-01-11,55.0
2023-01-12,92.0
2023-01-13,75.0
2023-01-14,83.0
2023-01-15,55.0
2023-01-16,79.0
2023-01-17,43.0
2023-01-18,121.0
2023-01-19,173.0
2023-01-20,141.0
2023-01-21,171.0
2023-01-22,52.0
2023-01-23,63.0
2023-01-24,56.0
2023-01-25,69.0
2023-01-26,92.0
2023-01-27,93.0
2023-01-28,213.0
2023-01-29,78.0
2023-01-30,75.0
2023-01-31,80.0
2023-02-01,55.0
2023-02-02,119.0
2023-02-03,131.0
2023-02-04,212.0
2023-02-05,94.0
2023-02-06,62.0
2023-02-07,58.0
2023-02-08,83.0
2023-02-09,125.0
2023-02-10,134.0
2023-02-11,136.0
2023-02-12,40.0
2023-02-13,72.0
2023-02-14,139.0
2023-02-15,73.0
2023-02-16,110.0
2023-02-17,151.0
2023-02-18,126.0
2023-02-19,106.0
2023-02-20,53.0
2023-02-21,97.0
2023-02-22,98.0
2023-02-23,93.0
2023-02-24,106.0
2023-02-25,197.0
2023-02-26,64.0
2023-02-27,46.0
2023-02-28,95.0
2023-03-01,68.0
2023-03-02,112.0
2023-03-03,102.0
2023-03-04,148.0
2023-03-05,72.0
2023-03-06,63.0
2023-03-07,47.0
2023-03-08,78.0
2023-03-09,89.0
2023-03-10,107.0
2023-03-11,115.0
2023-03-12,54.0
2023-03-13,42.0
2023-03-14,26.0
2023-03-15,43.0
2023-03-16,106.0
2023-03-17,106.0
2023-03-18,169.0
2023-03-19,77.0
2023-03-20,41.0
2023-03-21,92.0
2023-03-22,80.0
2023-03-23,97.0
2023-03-24,152.0
2023-03-25,182.0
2023-03-26,76.0
2023-03-27,92.0
2023-03-28,100.0
2023-03-29,87.0
2023-03-30,103.0
2023-03-31,93.0
2023-04-01,168.0
2023-04-02,89.0
2023-04-03,88.0
2023-04-04,68.0
2023-04-05,147.0
2023-04-06,140.0
2023-04-07,145.0
2023-04-08,111.0
2023-04-09,126.0
2023-04-10,84.0
2023-04-11,67.0
2023-04-12,50.0
2023-04-13,163.0
2023-04-14,129.0
2023-04-15,184.0
2023-04-16,96.0
2023-04-17,64.0
2023-04-18,97.0
2023-04-19,80.0
2023-04-20,124.0
2023-04-21,124.0
2023-04-22,168.0
2023-04-23,78.0
2023-04-24,168.0
2023-04-25,132.0
2023-04-26,154.0
2023-04-27,204.0
2023-04-28,86.0
2023-04-29,125.0
2023-04-30,98.0
2023-05-01,81.0
2023-05-02,99.0
2023-05-03,108.0
2023-05-04,97.0
2023-05-05,63.0
2023-05-06,154.0
2023-05-07,76.0
2023-05-08,50.0
2023-05-09,56.0
2023-05-10,81.0
2023-05-11,96.0
2023-05-12,65.0
2023-05-13,86.0
2023-05-14,97.0
2023-05-15,60.0
2023-05-16,65.0
2023-05-17,75.0
2023-05-18,129.0
2023-05-19,145.0
2023-05-20,136.0
2023-05-21,68.0
2023-05-22,98.0
2023-05-23,58.0
2023-05-24,99.0
2023-05-25,128.0
2023-05-26,107.0
2023-05-27,89.0
2023-05-28,89.0
2023-05-29,62.0
2023-05-30,70.0
2023-05-31,122.0
2023-06-01,122.0
2023-06-02,83.0
2023-06-03,150.0
2023-06-04,36.0
2023-06-05,144.0
2023-06-06,52.0
2023-06-07,69.0
2023-06-08,80.0
2023-06-09,61.0
2023-06-10,67.0
2023-06-11,27.0
2023-06-12,127.0
2023-06-13,70.0
2023-06-14,35.0
2023-06-15,97.0
2023-06-16,90.0
2023-06-17,71.0
2023-06-18,59.0
2023-06-19,48.0
2023-06-20,41.0
2023-06-21,79.0
2023-06-22,52.0
2023-06-23,69.0
2023-06-24,97.0
2023-06-25,69.0
2023-06-26,38.0
2023-06-27,62.0
2023-06-28,106.0
2023-06-29,91.0
2023-06-30,119.0
2023-07-01,194.0
2023-07-02,56.0
2023-07-03,70.0
2023-07-04,66.0
2023-07-05,114.0
2023-07-06,68.0
2023-07-07,51.0
2023-07-08,36.0
2023-07-09,22.0
2023-07-10,66.0
2023-07-11,49.0
2023-07-12,76.0
2023-07-13,102.0
2023-07-14,60.0
2023-07-15,103.0
2023-07-16,49.0
2023-07-17,52.0
2023-07-18,91.0
2023-07-19,89.0
2023-07-20,106.0
2023-07-21,74.0
2023-07-22,86.0
2023-07-23,76.0
2023-07-24,64.0
2023-07-25,97.0
2023-07-26,127.0
2023-07-27,90.0
2023-07-28,107.0
2023-07-29,116.0
2023-07-30,59.0
2023-07-31,91.0
2023-08-01,65.0
2023-08-02,71.0
2023-08-03,103.0
2023-08-04,54.0
2023-08-05,143.0
2023-08-06,73.0
2023-08-07,69.0
2023-08-08,84.0
2023-08-09,124.0
2023-08-10,80.0
2023-08-11,57.0
2023-08-12,78.0
2023-08-13,71.0
2023-08-14,95.0
2023-08-15,80.0
2023-08-16,127.0
2023-08-17,117.0
2023-08-18,40.0
2023-08-19,108.0
2023-08-20,85.0
2023-08-21,72.0
2023-08-22,64.0
2023-08-23,67.0
2023-08-24,74.0
2023-08-25,139.0
2023-08-26,99.0
2023-08-27,99.0
2023-08-28,185.0
2023-08-29,64.0
2023-08-30,105.0
2023-08-31,131.0
2023-09-01,102.0
2023-09-02,117.0
2023-09-03,92.0
2023-09-04,106.0
2023-09-05,55.0
2023-09-06,208.0
2023-09-07,191.0
2023-09-08,46.0
2023-09-09,76.0
2023-09-10,58.0
2023-09-11,142.0
2023-09-12,56.0
2023-09-13,54.0
2023-09-14,157.0
2023-09-15,58.0
2023-09-16,93.0
2023-09-17,89.0
2023-09-18,46.0
2023-09-19,67.0
2023-09-20,97.0
2023-09-21,115.0
2023-09-22,121.0
2023-09-23,116.0
2023-09-24,50.0
2023-09-25,59.0
2023-09-26,81.0
2023-09-27,162.0
2023-09-28,241.0
2023-09-29,70.0
2023-09-30,132.0
2023-10-01,122.0
2023-10-02,109.0
2023-10-03,77.0
2023-10-04,91.0
2023-10-05,94.0
2023-10-06,155.0
2023-10-07,105.0
2023-10-08,83.0
2023-10-09,55.0
2023-10-10,91.0
2023-10-11,70.0
2023-10-12,92.0
2023-10-13,75.0
2023-10-14,204.0
2023-10-15,50.0
2023-10-16,50.0
2023-10-17,67.0
2023-10-18,110.0
2023-10-19,89.0
2023-10-21,137.0
2023-10-22,77.0
2023-10-23,92.0
2023-10-24,78.0
2023-10-25,110.0
2023-10-26,140.0
2023-10-27,129.0
2023-10-28,187.0
2023-10-29,94.0
2023-10-30,78.0
2023-10-31,98.0
2023-11-01,112.0
2023-11-02,120.0
2023-11-03,164.0
2023-11-04,132.0
2023-11-05,64.0
2023-11-06,58.0
2023-11-07,56.0
2023-11-08,113.0
2023-11-09,88.0
2023-11-10,165.0
2023-11-11,131.0
2023-11-12,82.0
2023-11-13,62.0
2023-11-14,44.0
2023-11-15,103.0
2023-11-16,118.0
2023-11-17,124.0
2023-11-18,152.0
2023-11-19,111.0
2023-11-20,71.0
2023-11-21,77.0
2023-11-22,91.0
2023-11-23,157.0
2023-11-24,144.0
2023-11-25,112.0
2023-11-26,63.0
2023-11-27,57.0
2023-11-28,76.0
2023-11-29,99.0
2023-11-30,141.0
2023-12-01,127.0
2023-12-02,112.0
2023-12-03,53.0
2023-12-04,66.0
2023-12-05,61.0
2023-12-06,116.0
2023-12-07,163.0
2023-12-08,170.0
2023-12-09,111.0
2023-12-10,79.0
2023-12-11,60.0
2023-12-12,232.0
2023-12-13,103.0
2023-12-14,245.0
2023-12-15,181.0
2023-12-16,222.0
2023-12-17,152.0
2023-12-18,55.0
2023-12-19,156.0
2023-12-20,97.0
2023-12-21,108.0
2023-12-22,153.0
2023-12-23,96.0
2023-12-24,113.0
2023-12-25,147.0
2023-12-26,133.0
2023-12-27,86.0
2023-12-28,181.0
2023-12-29,150.0
2023-12-30,139.0
2023-12-31,85.0
2024-01-01,35.0
2024-01-02,51.0
2024-01-03,66.0
2024-01-04,109.0
2024-01-05,76.0
2024-01-06,121.0
2024-01-07,58.0
2024-01-08,47.0
2024-01-09,53.0
2024-01-10,55.0
2024-01-11,142.0
2024-01-12,108.0
2024-01-13,178.0
2024-01-14,72.0
2024-01-15,35.0
2024-01-16,50.0
2024-01-17,106.0
2024-01-18,149.0
2024-01-19,191.0
2024-01-20,184.0
2024-01-21,69.0
2024-01-22,43.0
2024-01-23,63.0
2024-01-24,72.0
2024-01-25,71.0
2024-01-26,90.0
2024-01-27,143.0
2024-01-28,39.0
2024-01-29,48.0
2024-01-30,61.0
2024-01-31,137.0
2024-02-01,112.0
2024-02-02,119.0
2024-02-03,184.0
2024-02-04,48.0
2024-02-05,70.0
2024-02-06,75.0
2024-02-07,83.0
2024-02-08,94.0
2024-02-09,96.0
2024-02-10,127.0
2024-02-11,72.0
2024-02-12,94.0
2024-02-13,71.0
2024-02-14,115.0
2024-02-15,78.0
2024-02-16,127.0
2024-02-17,165.0
2024-02-18,76.0
2024-02-19,52.0
2024-02-20,43.0
2024-02-21,63.0
2024-02-22,91.0
2024-02-23,116.0
2024-02-24,169.0
2024-02-25,61.0
2024-02-26,60.0
2024-02-27,81.0
2024-02-28,110.0
2024-02-29,76.0
2024-03-01,183.0
2024-03-02,107.0
2024-03-03,54.0
2024-03-04,67.0
2024-03-05,90.0
2024-03-06,52.0
2024-03-07,95.0
2024-03-08,98.0
2024-03-09,115.0
2024-03-10,73.0
2024-03-11,55.0
2024-03-12,58.0
2024-03-13,121.0
2024-03-14,77.0
2024-03-15,149.0
2024-03-16,138.0
2024-03-17,62.0
2024-03-18,75.0
2024-03-19,48.0
2024-03-20,67.0
2024-03-21,85.0
2024-03-22,110.0
2024-03-23,135.0
2024-03-24,58.0
2024-03-25,63.0
2024-03-26,63.0
2024-03-27,147.0
2024-03-28,127.0
2024-03-29,124.0
2024-03-30,95.0
2024-03-31,127.0
2024-04-01,88.0
2024-04-02,131.0
2024-04-03,49.0
2024-04-04,99.0
2024-04-05,117.0
2024-04-06,314.0
2024-04-07,72.0
2024-04-08,48.0
2024-04-09,104.0
2024-04-10,94.0
2024-04-11,94.0
2024-04-12,127.0
2024-04-13,143.0
2024-04-14,82.0
2024-04-15,115.0
2024-04-16,51.0
2024-04-17,92.0
2024-04-18,109.0
2024-04-19,126.0
2024-04-20,206.0
2024-04-21,74.0
2024-04-22,66.0
2024-04-23,102.0
2024-04-24,84.0
2024-04-25,92.0
2024-04-26,83.0
2024-04-27,130.0
2024-04-28,71.0
2024-04-29,49.0
2024-04-30,60.0
2024-05-01,35.0
2024-05-02,78.0
2024-05-03,94.0
2024-05-04,124.0
2024-05-05,93.0
2024-05-06,66.0
2024-05-07,59.0
2024-05-08,60.0
2024-05-09,111.0
2024-05-10,104.0
2024-05-11,79.0
2024-05-12,76.0
2024-05-13,56.0
2024-05-14,95.0
2024-05-15,51.0
2024-05-16,137.0
2024-05-17,58.0
2024-05-18,94.0
2024-05-19,83.0
2024-05-20,85.0
2024-05-21,31.0
2024-05-22,83.0
2024-05-23,151.0
2024-05-24,139.0
2024-05-25,137.0
2024-05-26,59.0
2024-05-27,61.0
2024-05-28,83.0
2024-05-29,46.0
2024-05-30,212.0
2024-05-31,96.0
2024-06-01,120.0
2024-06-02,60.0
2024-06-03,137.0
2024-06-04,94.0
2024-06-05,92.0
2024-06-06,74.0
2024-06-07,89.0
2024-06-08,150.0
2024-06-09,82.0
2024-06-10,53.0
2024-06-11,54.0
2024-06-12,127.0
2024-06-13,128.0
2024-06-14,62.0
2024-06-15,150.0
2024-06-16,80.0
2024-06-17,70.0
2024-06-18,75.0
2024-06-19,83.0
2024-06-20,152.0
2024-06-21,71.0
2024-06-22,127.0
2024-06-23,32.0
2024-06-24,47.0
2024-06-25,47.0
2024-06-26,63.0
2024-06-27,77.0
2024-06-28,70.0
2024-06-29,99.0
2024-06-30,89.0
2024-07-01,76.0
2024-07-02,63.0
2024-07-03,79.0
2024-07-04,134.0
2024-07-05,102.0
2024-07-06,54.0
2024-07-07,66.0
2024-07-08,66.0
2024-07-09,58.0
2024-07-10,57.0
2024-07-11,59.0
2024-07-12,73.0
2024-07-13,86.0
2024-07-14,57.0
2024-07-15,79.0
2024-07-16,66.0
2024-07-17,78.0
2024-07-18,126.0
2024-07-19,43.0
2024-07-20,49.0
2024-07-21,63.0
2024-07-22,73.0
2024-07-23,60.0
2024-07-24,75.0
2024-07-25,82.0
2024-07-26,74.0
2024-07-27,121.0
2024-07-28,77.0
2024-07-29,76.0
2024-07-30,72.0
2024-07-31,54.0
2024-08-01,97.0
2024-08-02,69.0
2024-08-03,68.0
2024-08-04,58.0
2024-08-05,71.0
2024-08-06,44.0
2024-08-07,51.0
2024-08-08,107.0
2024-08-09,58.0
2024-08-10,81.0
2024-08-11,55.0
2024-08-12,55.0
2024-08-13,41.0
2024-08-14,57.0
2024-08-15,124.0
2024-08-16,82.0
2024-08-17,101.0
2024-08-18,69.0
2024-08-19,62.0
2024-08-20,83.0
2024-08-21,94.0
2024-08-22,117.0
2024-08-23,129.0
2024-08-24,94.0
2024-08-25,83.0
2024-08-26,76.0
2024-08-27,87.0
2024-08-28,85.0
2024-08-29,102.0
2024-08-30,145.0
2024-08-31,89.0
2024-09-01,64.0
2024-09-02,70.0
2024-09-03,52.0
2024-09-04,86.0
2024-09-05,120.0
2024-09-06,52.0
2024-09-07,84.0
2024-09-08,69.0
2024-09-09,108.0
2024-09-10,89.0
2024-09-11,78.0
2024-09-12,100.0
2024-09-13,106.0
2024-09-14,171.0
2024-09-15,75.0
2024-09-16,118.0
2024-09-17,113.0
2024-09-18,109.0
2024-09-19,95.0
2024-09-20,114.0
2024-09-21,132.0
2024-09-22,36.0
2024-09-23,136.0
2024-09-24,178.0
2024-09-25,111.0
2024-09-26,213.0
2024-09-27,116.0
2024-09-28,119.0
2024-09-29,66.0
2024-09-30,62.0
2024-10-01,56.0
2024-10-02,132.0
2024-10-03,109.0
2024-10-04,116.0
2024-10-05,169.0
2024-10-06,62.0
2024-10-07,94.0
2024-10-08,89.0
2024-10-09,77.0
2024-10-10,155.0
2024-10-11,143.0
2024-10-12,149.0
2024-10-13,106.0
2024-10-14,51.0
2024-10-15,65.0
2024-10-16,55.0
2024-10-17,103.0
2024-10-18,120.0
2024-10-19,146.0
2024-10-20,82.0
2024-10-21,74.0
2024-10-22,81.0
2024-10-23,78.0
2024-10-24,104.0
2024-10-25,171.0
2024-10-26,169.0
2024-10-27,67.0
2024-10-28,73.0
2024-10-29,105.0
2024-10-30,135.0
2024-10-31,125.0
2024-11-01,186.0
2024-11-02,115.0
2024-11-03,79.0
2024-11-04,98.0
2024-11-05,144.0
2024-11-06,86.0
2024-11-07,84.0
2024-11-08,153.0
2024-11-09,97.0
2024-11-10,67.0
2024-11-11,105.0
2024-11-12,113.0
2024-11-13,109.0
2024-11-14,103.0
2024-11-15,139.0
2024-11-16,132.0
2024-11-17,79.0
2024-11-18,105.0
2024-11-19,71.0
2024-11-20,80.0
2024-11-21,75.0
2024-11-22,98.0
2024-11-23,177.0
2024-11-24,86.0
2024-11-25,73.0
2024-11-26,107.0
2024-11-27,78.0
2024-11-28,148.0
2024-11-29,96.0
2024-11-30,172.0
2024-12-01,90.0
2024-12-02,94.0
2024-12-03,55.0
2024-12-04,73.0
2024-12-05,78.0
2024-12-06,71.0
2024-12-07,160.0
2024-12-08,50.0
2024-12-09,91.0
2024-12-10,196.0
2024-12-11,93.0
2024-12-12,283.0
2024-12-13,187.0
2024-12-14,222.0
2024-12-15,118.0
2024-12-16,68.0
2024-12-17,174.0
2024-12-18,88.0
2024-12-19,211.0
2024-12-20,236.0
2024-12-21,154.0
2024-12-22,94.0
2024-12-23,114.0
2024-12-24,130.0
2024-12-25,162.0
2024-12-27,119.0
2024-12-28,165.0
2024-12-29,135.0
2024-12-30,72.0
2024-12-31,104.0
2025-01-01,57.0
2025-01-02,111.0
2025-01-03,93.0
2025-01-04,81.0
2025-01-05,42.0
2025-01-06,42.0
2025-01-07,102.0
2025-01-08,58.0
2025-01-09,75.0
2025-01-10,115.0
2025-01-11,94.0
2025-01-12,61.0
2025-01-13,33.0
2025-01-14,40.0
2025-01-15,56.0
2025-01-16,173.0
2025-01-17,162.0
2025-01-18,175.0
2025-01-19,34.0
2025-01-20,73.0
2025-01-21,66.0
2025-01-22,79.0
2025-01-23,112.0
2025-01-24,105.0
2025-01-25,136.0
2025-01-26,64.0
2025-01-27,57.0
2025-01-28,51.0
2025-01-29,67.0
2025-01-30,95.0
2025-01-31,88.0
2025-02-01,135.0
2025-02-03,67.0
2025-02-04,37.0
2025-02-05,60.0
2025-02-06,94.0
2025-02-07,82.0
2025-02-08,113.0
2025-02-09,87.0
2025-02-10,89.0
2025-02-11,71.0
2025-02-12,152.0
2025-02-13,117.0
2025-02-14,189.0
2025-02-15,182.0
2025-02-16,109.0
2025-02-17,53.0
2025-02-18,43.0
2025-02-19,109.0
2025-02-20,91.0
2025-02-21,129.0
2025-02-22,154.0
2025-02-23,105.0
2025-02-24,80.0
2025-02-25,87.0
2025-02-26,93.0
2025-02-27,124.0
2025-02-28,133.0
2025-03-01,189.0
2025-03-02,69.0
2025-03-03,65.0
2025-03-04,55.0
2025-03-05,100.0
2025-03-06,90.0
2025-03-07,124.0
2025-03-08,136.0
2025-03-09,50.0
2025-03-10,77.0
2025-03-11,82.0
2025-03-12,80.0
2025-03-13,130.0
2025-03-14,147.0
2025-03-15,169.0
2025-03-16,46.0
2025-03-17,53.0
2025-03-18,90.0
2025-03-19,62.0
2025-03-20,156.0
2025-03-21,101.0
2025-03-22,175.0
2025-03-23,85.0
2025-03-24,108.0
2025-03-25,76.0
2025-03-26,97.0
2025-03-27,171.0
2025-03-28,158.0
2025-03-29,169.0
2025-03-30,55.0
2025-03-31,70.0
2025-04-01,81.0
2025-04-02,86.0
2025-04-03,122.0
2025-04-04,93.0
2025-04-05,142.0
2025-04-06,46.0
2025-04-07,100.0
2025-04-08,86.0
2025-04-09,84.0
2025-04-10,64.0
2025-04-11,169.0
2025-04-12,128.0
2025-04-13,99.0
2025-04-14,73.0
2025-04-15,68.0
2025-04-16,114.0
2025-04-17,123.0
2025-04-18,134.0
2025-04-19,192.0
2025-04-20,94.0
2025-04-21,108.0
2025-04-22,102.0
2025-04-23,148.0
2025-04-24,112.0
2025-04-25,100.0
2025-04-26,162.0
2025-04-27,64.0
2025-04-28,71.0
